"","big5_agreeableness","facet_altruism","facet_cooperation","facet_modesty","facet_morality","facet_sympathy","facet_trust","big5_conscientiousness","facet_achievement_striving","facet_cautiousness","facet_dutifulness","facet_orderliness","facet_self_discipline","facet_self_efficacy","big5_extraversion","facet_activity_level","facet_assertiveness","facet_cheerfulness","facet_excitement_seeking","facet_friendliness","facet_gregariousness","big5_neuroticism","facet_anger","facet_anxiety","facet_depression","facet_immoderation","facet_self_consciousness","facet_vulnerability","big5_openness","facet_adventurousness","facet_artistic_interests","facet_emotionality","facet_imagination","facet_intellect","facet_liberalism","need_liberty","need_ideal","need_love","need_practicality","need_self_expression","need_stability","need_structure","need_challenge","need_closeness","need_curiosity","need_excitement","need_harmony","value_conservation","value_hedonism","value_openness_to_change","value_self_enhancement","value_self_transcendence","behavior_sunday","behavior_monday","behavior_tuesday","behavior_wednesday","behavior_thursday","behavior_friday","behavior_saturday","behavior_0000","behavior_0100","behavior_0200","behavior_0300","behavior_0400","behavior_0500","behavior_0600","behavior_0700","behavior_0800","behavior_0900","behavior_1000","behavior_1100","behavior_1200","behavior_1300","behavior_1400","behavior_1500","behavior_1600","behavior_1700","behavior_1800","behavior_1900","behavior_2000","behavior_2100","behavior_2200","behavior_2300","word_count","processed_language","big5_agreeableness_significant","facet_altruism_significant","facet_cooperation_significant","facet_modesty_significant","facet_morality_significant","facet_sympathy_significant","facet_trust_significant","big5_conscientiousness_significant","facet_achievement_striving_significant","facet_cautiousness_significant","facet_dutifulness_significant","facet_orderliness_significant","facet_self_discipline_significant","facet_self_efficacy_significant","big5_extraversion_significant","facet_activity_level_significant","facet_assertiveness_significant","facet_cheerfulness_significant","facet_excitement_seeking_significant","facet_friendliness_significant","facet_gregariousness_significant","big5_neuroticism_significant","facet_anger_significant","facet_anxiety_significant","facet_depression_significant","facet_immoderation_significant","facet_self_consciousness_significant","facet_vulnerability_significant","big5_openness_significant","facet_adventurousness_significant","facet_artistic_interests_significant","facet_emotionality_significant","facet_imagination_significant","facet_intellect_significant","facet_liberalism_significant","need_liberty_significant","need_ideal_significant","need_love_significant","need_practicality_significant","need_self_expression_significant","need_stability_significant","need_structure_significant","need_challenge_significant","need_closeness_significant","need_curiosity_significant","need_excitement_significant","need_harmony_significant","value_conservation_significant","value_hedonism_significant","value_openness_to_change_significant","value_self_enhancement_significant","value_self_transcendence_significant","year","OpennessRepaired"
"1",0.0632387944796744,0.956262910670349,0.65098642520638,0.28943701229239,0.408573733260584,0.995580362632017,0.957152721878895,0.905875476582769,0.876556553240328,0.841973638704892,0.738644240352003,0.240240732554402,0.258630190872968,0.864922566386189,0.364314081253145,0.927102261430258,0.878782635132276,0.0538016766569085,0.367932913386989,0.296950850754837,0.0710660503339854,0.126418872227684,0.219006107206953,0.565910199956477,0.826552056842043,0.0565626098324194,0.666901163096288,0.38941671302193,0.999911829786126,0.57465270168253,0.993846008420217,0.813219478964017,0.736710239432048,0.990240482777289,0.990851716258408,0.0385822194861054,0.0215521657688308,0.0192065211861847,0.00616807344392939,0.0654163664722975,0.305038890566785,0.734884929640925,0.00707598832842093,0.188812777758237,0.920241805211566,0.134903060703274,0.0747647591275549,0.156417253199192,0.00964868710568972,0.774539440309393,0.106793312756454,0.253555793321539,0,0,0,0,0,0,0,0,0,0,0,0,0,0,0,0,0,0,0,0,0,0,0,0,0,0,0,0,0,0,0,2916,"en","true","true","true","true","true","true","true","true","true","true","true","true","true","true","true","true","true","true","true","true","true","true","true","true","true","true","true","true","true","true","true","true","true","true","true","true","true","true","true","true","true","true","true","true","true","true","true","true","true","true","true","true",1825,0.793906063022255
"2",0.0747181306161619,0.904793747538009,0.751487996513389,0.244676305453058,0.614001434485559,0.993893531763393,0.898068136037327,0.943141617610667,0.870359499069747,0.929304620003771,0.807408913877108,0.497216398462209,0.461280480573862,0.868541142836045,0.242706399240961,0.897682475932681,0.915614223758684,0.0443350869002722,0.202007935471769,0.309431292394809,0.0528193549922082,0.0429948799262462,0.0714496660651573,0.265365761360208,0.579049296034241,0.0429686047409823,0.483724789290813,0.175027951425995,0.999629723124572,0.417739323305832,0.978823885306053,0.49722845117016,0.421869507920673,0.998395100917638,0.960596035278637,0.0217159769145854,0.0152335367106439,0.011091924033715,0.0106615084541171,0.0308804055198465,0.164643350798834,0.716013994901209,0.00397856968497318,0.16831082590412,0.860920060914596,0.0694101284845491,0.046310216124724,0.141839293611634,0.00535933518115445,0.573305622433654,0.00938259773292743,0.0952270476780532,0,0,0,0,0,0,0,0,0,0,0,0,0,0,0,0,0,0,0,0,0,0,0,0,0,0,0,0,0,0,0,2834,"en","true","true","true","true","true","true","true","true","true","true","true","true","true","true","true","true","true","true","true","true","true","true","true","true","true","true","true","true","true","true","true","true","true","true","true","true","true","true","true","true","true","true","true","true","true","true","true","true","true","true","true","true",1857,0.631263886594015
"3",0.320649005343279,0.992679257683875,0.834786999991731,0.503175557908995,0.923072169357868,0.999414644149583,0.880595924298686,0.981692237512938,0.917005392316941,0.936990653515678,0.838722428846343,0.582457859728064,0.848449841464979,0.823951919026737,0.343411740940197,0.98406407679075,0.975479167781593,0.641512838751903,0.196240566422662,0.906976853273668,0.414623759263506,0.300973526828142,0.0144505319720161,0.0709353512898711,0.184902745194324,0.0298974559272903,0.0823007731391149,0.0703111847655204,0.991394999631638,0.780435716247409,0.993911457372169,0.804792972586095,0.39750342250769,0.995988563596274,0.793405155527415,0.137425234538805,0.130171533282686,0.0753930106845337,0.0283729536317118,0.232211859097992,0.421813369006389,0.842501689106014,0.0311869363237728,0.469506324242821,0.831294959339708,0.0868536460282843,0.444993227898294,0.540653471749292,0.0148315901255979,0.64508856184044,0.00734167749968934,0.337071936742288,0,0,0,0,0,0,0,0,0,0,0,0,0,0,0,0,0,0,0,0,0,0,0,0,0,0,0,0,0,0,0,2316,"en","true","true","true","true","true","true","true","true","true","true","true","true","true","true","true","true","true","true","true","true","true","true","true","true","true","true","true","true","true","true","true","true","true","true","true","true","true","true","true","true","true","true","true","true","true","true","true","true","true","true","true","true",1989,0.859713382068558
"4",0.225376759413705,0.990763312042884,0.905046378034835,0.739046304976022,0.953456669758275,0.99951555773169,0.807177879093546,0.97809225521858,0.923629248832203,0.977876081974939,0.89018482775495,0.591456867682184,0.834367052639623,0.787948775396361,0.206904004558908,0.986384757223367,0.969794688983303,0.426665857081455,0.110813897880645,0.855560389820337,0.243360812839845,0.0537005884528132,0.0064716130870629,0.0670658320881122,0.201637907697205,0.00280664323305352,0.106365150173141,0.0850831094535108,0.995454163702116,0.783425783756726,0.998014142897928,0.785410120515043,0.142055895313183,0.993711124863549,0.805354564525161,0.065519335672364,0.0294637599959365,0.028888990321404,0.0031891249085223,0.230507025531051,0.391436022776494,0.761373434456618,0.00163924662957843,0.4933584616596,0.86600435108519,0.0500054254872288,0.355386751364851,0.431734178321413,0.00251494601916702,0.554205626545457,0.000118123120246616,0.34565610207352,0,0,0,0,0,0,0,0,0,0,0,0,0,0,0,0,0,0,0,0,0,0,0,0,0,0,0,0,0,0,0,1579,"en","true","true","true","true","true","true","true","true","true","true","true","true","true","true","true","true","true","true","true","true","true","true","true","true","true","true","true","true","true","true","true","true","true","true","true","true","true","true","true","true","true","true","true","true","true","true","true","true","true","true","true","true",2001,0.855616682389899
"5",0.102284078087525,0.97992586146224,0.831016919376048,0.618595364266806,0.872381259472441,0.997439067385652,0.877285555751047,0.978886475054223,0.91261936068889,0.966435458151237,0.90911367458781,0.673465175333596,0.716689314663078,0.839199414464168,0.185025617770154,0.973137559676151,0.93891027179102,0.271132391889215,0.162423381115818,0.700009759702903,0.155787394261663,0.0562855629545388,0.0223030099385402,0.152582145347304,0.371732649227416,0.00658964167541215,0.281287168013204,0.108477506736113,0.997005245509781,0.685520705311113,0.998086363912695,0.832866031584411,0.281730188999182,0.98499555444754,0.895614915701318,0.0510110583066368,0.0210183087345425,0.00436672848149655,0.00493953847508516,0.151213762101896,0.422761019367308,0.735620221967875,0.0017826255054571,0.298530171371342,0.872649116897908,0.0819185035327757,0.263449661728068,0.403317441984089,0.0057424723970565,0.659604590445407,0.00664369291366035,0.284044013520265,0,0,0,0,0,0,0,0,0,0,0,0,0,0,0,0,0,0,0,0,0,0,0,0,0,0,0,0,0,0,0,2085,"en","true","true","true","true","true","true","true","true","true","true","true","true","true","true","true","true","true","true","true","true","true","true","true","true","true","true","true","true","true","true","true","true","true","true","true","true","true","true","true","true","true","true","true","true","true","true","true","true","true","true","true","true",2005,0.838824366936073
"6",0.219174463828774,0.988556566010105,0.916531752235041,0.616351683939718,0.958891215465895,0.999054062095751,0.903638323010438,0.980095362409904,0.945476962287429,0.976902225928042,0.907508588250788,0.592273400384133,0.896718716508311,0.892803225445344,0.104839399139478,0.99125841966557,0.986730142067147,0.52667207594268,0.148090790653182,0.862898287830645,0.217393023034248,0.0908452540516547,0.00775532727924116,0.0444228829866889,0.15526461871951,0.00646783516683158,0.144860057756064,0.0612149370001293,0.988006871289929,0.754113186764366,0.989248123362309,0.774101409477519,0.173296463760974,0.993847334484036,0.74181282723345,0.19926731594328,0.141210021730972,0.04921521144011,0.0288511696521517,0.255609855680173,0.500545972855759,0.932544263325692,0.0200391156438231,0.648695938741058,0.95197347319818,0.154442896693182,0.613186876329393,0.712168002466549,0.0078177648326474,0.725344728247675,0.00424314955292387,0.415374806835447,0,0,0,0,0,0,0,0,0,0,0,0,0,0,0,0,0,0,0,0,0,0,0,0,0,0,0,0,0,0,0,1222,"en","true","true","true","true","true","true","true","true","true","true","true","true","true","true","true","true","true","true","true","true","true","true","true","true","true","true","true","true","true","true","true","true","true","true","true","true","true","true","true","true","true","true","true","true","true","true","true","true","true","true","true","true",1977,0.839154239868065
"7",0.0637059357065055,0.913031666572867,0.536412277804594,0.263175208051128,0.518358036535584,0.985541323768438,0.923931035076944,0.935547117375355,0.902389665174941,0.861649799249586,0.636030572087114,0.375595168979414,0.403096808922149,0.90033151127816,0.457082212901336,0.949365101658248,0.96408899815371,0.12010048475169,0.396602390206989,0.430138754381655,0.173827272216979,0.0149033324169845,0.1195184143696,0.335143636942432,0.63084852396202,0.0319651059775924,0.389621213239422,0.212974536734889,0.999658291772249,0.554974649050052,0.987559301525588,0.560083212241006,0.475668294883973,0.983979025050787,0.97365928159999,0.047343788424034,0.0219638911410864,0.0250475421574693,0.0169039472288995,0.111577808682035,0.304035966928832,0.799071843735331,0.0114323432470806,0.245632881893482,0.890101379962632,0.140446528116408,0.0908212272434652,0.214720760158779,0.00829033690697639,0.749217594150832,0.0783841778218996,0.208495550235924,0,0,0,0,0,0,0,0,0,0,0,0,0,0,0,0,0,0,0,0,0,0,0,0,0,0,0,0,0,0,0,1688,"en","true","true","true","true","true","true","true","true","true","true","true","true","true","true","true","true","true","true","true","true","true","true","true","true","true","true","true","true","true","true","true","true","true","true","true","true","true","true","true","true","true","true","true","true","true","true","true","true","true","true","true","true",1885,0.700872387605548
"8",0.0609131863946492,0.926845315280026,0.622886191833391,0.293855278059809,0.700488295010037,0.995349430159427,0.867994489139157,0.928080201126332,0.913794194411987,0.929349445573044,0.676805455032768,0.314845966907298,0.471931048322046,0.926259428437783,0.291503431884496,0.967835644760875,0.96379041429123,0.0764480415618679,0.257811545877499,0.351398761126346,0.0653027902654697,0.0410693911064441,0.102089212052014,0.306224255777986,0.593745095001544,0.0279552751412485,0.475391608145172,0.210153163502227,0.999465147463344,0.644523245994946,0.987401005276554,0.669073676790291,0.512324763566808,0.994999115509666,0.977179512436671,0.0631464441439417,0.0418215047154968,0.0230377610480781,0.0240213312284538,0.201724413677473,0.359215697165116,0.725100795467881,0.0122854296182158,0.29319853993219,0.958919300201291,0.0957668730489155,0.213209916642901,0.187310272645911,0.0100726979327501,0.77080230116721,0.0579912592842912,0.372608530275573,0,0,0,0,0,0,0,0,0,0,0,0,0,0,0,0,0,0,0,0,0,0,0,0,0,0,0,0,0,0,0,2019,"en","true","true","true","true","true","true","true","true","true","true","true","true","true","true","true","true","true","true","true","true","true","true","true","true","true","true","true","true","true","true","true","true","true","true","true","true","true","true","true","true","true","true","true","true","true","true","true","true","true","true","true","true",1893,0.76699930935393
"9",0.170705710830577,0.998404105109479,0.891753271318863,0.741253934787408,0.95241833008781,0.999618966925897,0.941475097315964,0.972582317912454,0.95428951829244,0.957144163647267,0.934564260043154,0.64231387262596,0.873648862006535,0.889872623676714,0.230197267997916,0.995464493195837,0.98948525027149,0.670426997243272,0.222584802377181,0.927531580724164,0.569365745432721,0.305296152132928,0.00270637190641732,0.04504663503891,0.190425737425099,0.00713258441314291,0.0512249437718491,0.0321831965885386,0.977330315986992,0.950009839730454,0.995368999297988,0.819926670062269,0.280683765461466,0.982611660564952,0.809287753233459,0.136112844403391,0.051142031067692,0.038988517228665,0.0102878317055085,0.193977633954816,0.44220899674807,0.819150165157305,0.00455355874644864,0.431956264738501,0.79362827244511,0.0922896489124277,0.477366888479593,0.617695739465073,0.00409709059773317,0.717638324771943,0.00187730028988958,0.399257538587214,0,0,0,0,0,0,0,0,0,0,0,0,0,0,0,0,0,0,0,0,0,0,0,0,0,0,0,0,0,0,0,1586,"en","true","true","true","true","true","true","true","true","true","true","true","true","true","true","true","true","true","true","true","true","true","true","true","true","true","true","true","true","true","true","true","true","true","true","true","true","true","true","true","true","true","true","true","true","true","true","true","true","true","true","true","true",1993,0.921768503030237
"10",0.133190743956196,0.987737147429867,0.862711195165415,0.741191960340024,0.916036501964297,0.998235370353781,0.934308257803952,0.971617696292121,0.915708950427305,0.960245856728955,0.846739382251721,0.754074853340555,0.73202740619067,0.827734572260563,0.130829429690231,0.977252231985728,0.966844628392845,0.420493998587011,0.267306635401577,0.854058487914418,0.476437045894117,0.249995753120624,0.00292946150559487,0.03374447766169,0.218640902138937,0.00741198287544098,0.0935615705855025,0.0377381527919394,0.987793333219596,0.91216558234745,0.993359215398006,0.670544628642914,0.347207084487452,0.988085996027022,0.886716155321976,0.111709875581733,0.0194350500028944,0.0233621865745749,0.0121333758291888,0.139486963585978,0.303993412361005,0.856641783489613,0.00405992413030726,0.262637642503818,0.748785417907832,0.0850359224435991,0.269112053066282,0.582155497456887,0.0029812685356318,0.611016678382943,0.00122852780179128,0.278504463634307,0,0,0,0,0,0,0,0,0,0,0,0,0,0,0,0,0,0,0,0,0,0,0,0,0,0,0,0,0,0,0,2158,"en","true","true","true","true","true","true","true","true","true","true","true","true","true","true","true","true","true","true","true","true","true","true","true","true","true","true","true","true","true","true","true","true","true","true","true","true","true","true","true","true","true","true","true","true","true","true","true","true","true","true","true","true",1997,0.858689808796123
"11",0.0707802339751475,0.925645058735059,0.818252321188861,0.283130002229946,0.806173458931423,0.996949924055952,0.820764071721461,0.944248840233396,0.87369957993684,0.954450924101931,0.767687359077333,0.408658363226,0.58397183940313,0.847467156927537,0.218253161114072,0.947487540202497,0.963894374446338,0.0786184245414599,0.104793527765936,0.404745678944319,0.0604948234847515,0.033456213528904,0.0304046420008757,0.139095008469684,0.504447681261402,0.0232957102540818,0.382785048692027,0.104054003269303,0.999666153509815,0.643551548292752,0.985261621402524,0.501909480243516,0.319242139536607,0.997749844789325,0.970226922335495,0.0444450042147801,0.0329685572293884,0.00886646263971208,0.0137902743640659,0.0733924615485791,0.27392877393056,0.694470647892047,0.00455191183285536,0.287882489279277,0.925913625360033,0.0603757224263188,0.114695173628425,0.1350805771725,0.0057522080423979,0.740159921745924,0.00714048146423824,0.161982819712579,0,0,0,0,0,0,0,0,0,0,0,0,0,0,0,0,0,0,0,0,0,0,0,0,0,0,0,0,0,0,0,4057,"en","true","true","true","true","true","true","true","true","true","true","true","true","true","true","true","true","true","true","true","true","true","true","true","true","true","true","true","true","true","true","true","true","true","true","true","true","true","true","true","true","true","true","true","true","true","true","true","true","true","true","true","true",1925,0.710240883312931
"12",0.130747687709649,0.990132622259867,0.825166763455159,0.625887389568714,0.855265041511269,0.998564393126992,0.939988110687702,0.958343864342928,0.898926876913141,0.930189775478139,0.824353532079236,0.751082236166201,0.725850793683381,0.881556296184345,0.175163092549824,0.991762553169098,0.96276022560227,0.335241898954603,0.350953832341067,0.811901533518226,0.320601616005295,0.222683999889835,0.0196203726003072,0.12510628915063,0.382344325105464,0.00652534557923573,0.189502824150021,0.110199058089318,0.99866614720016,0.8181173727409,0.99926284854757,0.895668802162084,0.422985769396205,0.992820926641597,0.900273590292562,0.204469058320582,0.0437849046159344,0.0258074115296936,0.0154767225048671,0.289293463290427,0.420846143380922,0.806081195774198,0.00488865403993849,0.380761730102017,0.976801374035472,0.191504304541704,0.452857701678824,0.442985314514309,0.00748383615565329,0.831601914749744,0.0218659902840107,0.559909572917504,0,0,0,0,0,0,0,0,0,0,0,0,0,0,0,0,0,0,0,0,0,0,0,0,0,0,0,0,0,0,0,2449,"en","true","true","true","true","true","true","true","true","true","true","true","true","true","true","true","true","true","true","true","true","true","true","true","true","true","true","true","true","true","true","true","true","true","true","true","true","true","true","true","true","true","true","true","true","true","true","true","true","true","true","true","true",1953,0.904349674483518
"13",0.180989449381913,0.993979370056147,0.860331009515091,0.743077396068448,0.913025646869816,0.999230698640147,0.890805915085969,0.956480456166037,0.85780902460096,0.94727742135433,0.860120675761041,0.791344920510977,0.76984329021199,0.820099127963919,0.130826884130916,0.988747967421439,0.958460087328709,0.43972350194691,0.318149893591089,0.791728621566216,0.278911592616189,0.240378838149459,0.010350491670702,0.0976836358671505,0.413658019210721,0.00372976259626412,0.161787545971249,0.0779019343311113,0.998709902314657,0.870076831583859,0.999540576362076,0.917972894223071,0.432524078121303,0.988109323223255,0.859697320270395,0.214660434020781,0.039645550088327,0.0301785283327858,0.0144034233730606,0.356548385106833,0.457664122449411,0.787449102533225,0.00132397515086402,0.488512983767187,0.955316962018762,0.182897217992842,0.530892025463011,0.476476976571812,0.0109283420004557,0.85148391601558,0.017917943116687,0.503908212357607,0,0,0,0,0,0,0,0,0,0,0,0,0,0,0,0,0,0,0,0,0,0,0,0,0,0,0,0,0,0,0,1660,"en","true","true","true","true","true","true","true","true","true","true","true","true","true","true","true","true","true","true","true","true","true","true","true","true","true","true","true","true","true","true","true","true","true","true","true","true","true","true","true","true","true","true","true","true","true","true","true","true","true","true","true","true",1957,0.929196767389669
"14",0.0582061291449878,0.838099026304618,0.68944164341768,0.303713516864047,0.593386026940117,0.986742053922552,0.866693199396758,0.948621016821269,0.866523346181657,0.946360225400281,0.739381122787647,0.535919560201356,0.465639814535168,0.832433996081717,0.303700414289808,0.897945526708939,0.886522264131544,0.0378610808840024,0.145973233196106,0.250765120267923,0.045634295967031,0.0326073836276558,0.0857543656614638,0.252246176513145,0.64864525901705,0.0248097713068708,0.562757550090249,0.183249003522997,0.999864175469142,0.543070634665905,0.984792604611789,0.442100261597689,0.453882440177116,0.991981983501029,0.96976415882445,0.022892062690717,0.0107597165704458,0.00375429677704797,0.014242866814524,0.0477523926556691,0.204736560966171,0.783579889224114,0.00291073372201844,0.142918237026084,0.87057997693453,0.0703312618220202,0.0737824165323315,0.177625237894913,0.00609105124634718,0.680668125568717,0.0280204107425093,0.108760606886924,0,0,0,0,0,0,0,0,0,0,0,0,0,0,0,0,0,0,0,0,0,0,0,0,0,0,0,0,0,0,0,2986,"en","true","true","true","true","true","true","true","true","true","true","true","true","true","true","true","true","true","true","true","true","true","true","true","true","true","true","true","true","true","true","true","true","true","true","true","true","true","true","true","true","true","true","true","true","true","true","true","true","true","true","true","true",1881,0.656654500291794
"15",0.121215360303651,0.862905260837809,0.663281700110419,0.270221808355231,0.825959479348632,0.984956159820957,0.803898073670679,0.961464071638565,0.906276336862569,0.955561817643396,0.804548213666739,0.426014814699373,0.701255660845007,0.922303955013363,0.198617382001932,0.940085047207861,0.97060361484287,0.068843200818748,0.186893100167051,0.38611897024038,0.0665683022488051,0.0154458097602084,0.0304214968094266,0.0806184032363921,0.339238509218145,0.0311380913344572,0.349307347191935,0.0699750291810781,0.992594586542223,0.632659952056223,0.911889524680343,0.308839305389556,0.273327852803195,0.998699631393367,0.92366720395808,0.0690445013197587,0.0648498109090732,0.0154879192987559,0.054268245205243,0.0643010121455841,0.22828706812488,0.800715404581226,0.0528298539611571,0.222815399927093,0.831389722591896,0.144755390761315,0.0946836466134615,0.249523123190406,0.0214555759713543,0.577107823160189,0.0388384342515121,0.14798167861426,0,0,0,0,0,0,0,0,0,0,0,0,0,0,0,0,0,0,0,0,0,0,0,0,0,0,0,0,0,0,0,1131,"en","true","true","true","true","true","true","true","true","true","true","true","true","true","true","true","true","true","true","true","true","true","true","true","true","true","true","true","true","true","true","true","true","true","true","true","true","true","true","true","true","true","true","true","true","true","true","true","true","true","true","true","true",1869,0.617796260708707
"16",0.0573340891080128,0.796730813186587,0.686457573745251,0.289414338773258,0.570765302788354,0.990174103307702,0.906199473487972,0.900163313592304,0.83634281998305,0.919054589069187,0.74802845821316,0.198796103638151,0.358145798537237,0.723064479483357,0.272708051779326,0.923600021834312,0.856192173351229,0.0528987253559326,0.153094114159053,0.20359843698833,0.0253217245730949,0.193927100249576,0.109092296783888,0.296505438860542,0.706758862614328,0.128532214675742,0.577741334801596,0.296187971993201,0.99893063237964,0.546973067117146,0.959742954577178,0.452773412430323,0.461698260946877,0.998738484435297,0.98746489913032,0.0484413445976646,0.0375085609981047,0.0126554173827911,0.0311167549231197,0.0318045673670349,0.209296769498163,0.853022279238739,0.00994643029953957,0.132292109887692,0.836321374699144,0.0541366565572683,0.0595067815509682,0.164666244353268,0.00838794191728248,0.553410648282572,0.0366923311283259,0.221302396827631,0,0,0,0,0,0,0,0,0,0,0,0,0,0,0,0,0,0,0,0,0,0,0,0,0,0,0,0,0,0,0,1338,"en","true","true","true","true","true","true","true","true","true","true","true","true","true","true","true","true","true","true","true","true","true","true","true","true","true","true","true","true","true","true","true","true","true","true","true","true","true","true","true","true","true","true","true","true","true","true","true","true","true","true","true","true",1873,0.653163144708216
"17",0.0321639892835136,0.955631204515221,0.803093924077919,0.455349482421914,0.771981614443574,0.997043991940098,0.865213304769843,0.92446116293395,0.887656665305139,0.94093356427582,0.724592273167657,0.524915807601181,0.667691480409044,0.88467525311661,0.140246086494496,0.978498774224893,0.953487007754099,0.137665665911825,0.255256600678099,0.541973628216779,0.0780078929511767,0.196358149523139,0.0400306331353623,0.173914631595949,0.506658330668469,0.00882552673804865,0.333019966537611,0.15147818995896,0.998367250049711,0.884561115546523,0.99687648704608,0.668791816059421,0.483519193908037,0.997654742814932,0.960671722016899,0.117795681211104,0.0440919004203419,0.0224813175396675,0.0295413322603228,0.188406736040681,0.350287902015585,0.795904831093767,0.00430864344890891,0.238828526644717,0.944778112670339,0.0916028977664475,0.276864642781596,0.234232184581377,0.00510399453499749,0.715535938596468,0.0134227574455829,0.337400409414604,0,0,0,0,0,0,0,0,0,0,0,0,0,0,0,0,0,0,0,0,0,0,0,0,0,0,0,0,0,0,0,3338,"en","true","true","true","true","true","true","true","true","true","true","true","true","true","true","true","true","true","true","true","true","true","true","true","true","true","true","true","true","true","true","true","true","true","true","true","true","true","true","true","true","true","true","true","true","true","true","true","true","true","true","true","true",1921,0.850076472884008
"18",0.0427556409963868,0.889327644294567,0.718788479579449,0.312700393283152,0.606110716573323,0.994359534721591,0.813524490991883,0.902849211447166,0.792211730418875,0.935977062021283,0.761956109290055,0.310380864962812,0.252368932246439,0.752593475941261,0.214624705734451,0.788378500150269,0.827568968731156,0.00744620869106272,0.13253835956459,0.126618447528074,0.0142720621090099,0.0239739245394399,0.137470220779423,0.391379309504685,0.82185368908648,0.0784136704687051,0.722028223346053,0.266927913566972,0.999969666688045,0.355271757177146,0.984203600989761,0.637025081668688,0.564963051306677,0.998301178933346,0.984661391265889,0.0143719213137736,0.0160367408842168,0.00739989027949312,0.00803974435776161,0.0389954960901256,0.151355205449791,0.594981352772084,0.00215960919674157,0.13069397170255,0.893363750626878,0.0495668130740707,0.0254381346098536,0.0726129979573594,0.00852704041644092,0.576255504162953,0.0219173478267398,0.116982274895245,0,0,0,0,0,0,0,0,0,0,0,0,0,0,0,0,0,0,0,0,0,0,0,0,0,0,0,0,0,0,0,8459,"en","true","true","true","true","true","true","true","true","true","true","true","true","true","true","true","true","true","true","true","true","true","true","true","true","true","true","true","true","true","true","true","true","true","true","true","true","true","true","true","true","true","true","true","true","true","true","true","true","true","true","true","true",1841,0.658833479945198
"19",0.0624718701228189,0.853409005463183,0.74240005726066,0.301913413155243,0.713847171469063,0.993115290072221,0.803789890125683,0.94892935413469,0.898767036378507,0.971942235794901,0.719751942301952,0.458994796113846,0.556212151055345,0.833843547175458,0.39288733203062,0.930611120368681,0.950774254439112,0.0379636461239367,0.0632477017979332,0.294905287355294,0.0354939379633504,0.0116621553885244,0.066363352244612,0.181296207187713,0.549372961757491,0.0301064958521177,0.374616822104815,0.12802099898253,0.999868024700812,0.508395959351447,0.976485857740686,0.413728586199636,0.255925699790631,0.995955830427529,0.957884457768724,0.0161197468577043,0.0138790573776973,0.00540771483154173,0.00921074549608175,0.0474708208307886,0.248085278987737,0.684721835441338,0.0031033709820949,0.20181382318716,0.843715354859393,0.0349418115678318,0.0379962219835913,0.0895840620499051,0.00461144465367169,0.658030716245106,0.0116360505352465,0.107215697669994,0,0,0,0,0,0,0,0,0,0,0,0,0,0,0,0,0,0,0,0,0,0,0,0,0,0,0,0,0,0,0,4400,"en","true","true","true","true","true","true","true","true","true","true","true","true","true","true","true","true","true","true","true","true","true","true","true","true","true","true","true","true","true","true","true","true","true","true","true","true","true","true","true","true","true","true","true","true","true","true","true","true","true","true","true","true",1889,0.63287013443059
"20",0.110144990149308,0.908961716644797,0.632829253052788,0.171624831301166,0.53496151609966,0.992723514891753,0.931987516104575,0.954675969019502,0.867481761506965,0.89490408437236,0.720426106971273,0.292339475380316,0.353328402184169,0.844685137008117,0.429118035714167,0.935728697010835,0.938850555403665,0.0452178830799999,0.244615922531418,0.335240581185283,0.0857157797030899,0.0960601499561822,0.147104376444572,0.398294025294313,0.666162664431252,0.0415856330346414,0.484504951505724,0.239105455820977,0.999910537540065,0.42022465115164,0.985522755464333,0.569337754618177,0.486740886898201,0.99323018805836,0.98171217253251,0.0232637966339248,0.0404833710183449,0.0232443846958253,0.00710928495014451,0.0498295587183432,0.22239483301251,0.709103429653895,0.0114757982592036,0.233955963950411,0.904466210649762,0.0895172120344899,0.0476096545544309,0.155500397825284,0.0116462522745566,0.71381992132631,0.070356673178848,0.141734715632112,0,0,0,0,0,0,0,0,0,0,0,0,0,0,0,0,0,0,0,0,0,0,0,0,0,0,0,0,0,0,0,2490,"en","true","true","true","true","true","true","true","true","true","true","true","true","true","true","true","true","true","true","true","true","true","true","true","true","true","true","true","true","true","true","true","true","true","true","true","true","true","true","true","true","true","true","true","true","true","true","true","true","true","true","true","true",1877,0.658361720411383
"21",0.071544752514816,0.899897297315564,0.765640206030526,0.338368110178817,0.689239523969291,0.988754046516978,0.88456204227159,0.944528856922323,0.89968196836742,0.948180319150445,0.733529183438586,0.512068955268364,0.589059595395525,0.865410375112491,0.366563259895835,0.970689066095487,0.950709963092025,0.0731845062437894,0.200654800592068,0.413534361685603,0.117243787497296,0.0127965574538406,0.0508832155174699,0.182032418323366,0.579028617637351,0.00945066770986658,0.370947191855702,0.132343746447648,0.99969243952639,0.813537081430832,0.9901521756412,0.524067001933445,0.412640934947821,0.989405389588192,0.98570607251127,0.0516340420596069,0.013483365026397,0.0130399643203009,0.00914288630156762,0.0604138864225173,0.308735357754645,0.731850442229281,0.00316311083827453,0.220433809398914,0.947602717638801,0.104746459174373,0.0695048922040222,0.140551329598353,0.00512874426759435,0.758221184765451,0.0311375585880213,0.220971411450881,0,0,0,0,0,0,0,0,0,0,0,0,0,0,0,0,0,0,0,0,0,0,0,0,0,0,0,0,0,0,0,3766,"en","true","true","true","true","true","true","true","true","true","true","true","true","true","true","true","true","true","true","true","true","true","true","true","true","true","true","true","true","true","true","true","true","true","true","true","true","true","true","true","true","true","true","true","true","true","true","true","true","true","true","true","true",1929,0.775918753001826
"22",0.0653062967865228,0.895398695124481,0.612563544898926,0.251335649196162,0.5717576819474,0.988031643687965,0.898224530993841,0.931413522174839,0.913933366209346,0.915777033526839,0.670218387840356,0.323643568518491,0.469872421865957,0.911007186627811,0.413885768415847,0.961894133823964,0.95167744913129,0.0662500811183276,0.278013367018521,0.26245549067587,0.0382306863782966,0.0275408850090795,0.148633099161765,0.313013313344113,0.629582438396689,0.0263492157276327,0.501997720014831,0.244451122697851,0.9995105950678,0.659686306248179,0.987445522082789,0.551484732557678,0.552844105127591,0.997111582255702,0.981068184692937,0.067975494319975,0.064300386350287,0.0367057972565835,0.0396436108120433,0.170313055918782,0.34554319889952,0.762936516184153,0.0287712048098275,0.273188168041737,0.95284581075371,0.12447095617116,0.115284088646752,0.130008400735385,0.0107999921781368,0.741869589389218,0.0820630361237268,0.310381392442167,0,0,0,0,0,0,0,0,0,0,0,0,0,0,0,0,0,0,0,0,0,0,0,0,0,0,0,0,0,0,0,1128,"en","true","true","true","true","true","true","true","true","true","true","true","true","true","true","true","true","true","true","true","true","true","true","true","true","true","true","true","true","true","true","true","true","true","true","true","true","true","true","true","true","true","true","true","true","true","true","true","true","true","true","true","true",1829,0.732872186962882
"23",0.0804118432851572,0.974661427111299,0.622586431121777,0.414347908350049,0.66661135070797,0.997236648632441,0.923284935611709,0.935967628701806,0.90038083495027,0.900979196157721,0.801404354790324,0.292212560457945,0.388078043443539,0.874200943719752,0.18485678181573,0.975786545116341,0.931190648247297,0.0881035431034493,0.297279670532512,0.362774326989728,0.085826601652876,0.241895740190573,0.124280463266259,0.416155250334542,0.7511214241033,0.0349748754211195,0.516299863627446,0.293091936857169,0.999461815896502,0.638035426232148,0.993214604985785,0.783371322289191,0.65316049471884,0.994965663933714,0.97586591620007,0.0531288252332204,0.0255475579181751,0.0133984913857045,0.00973754415365741,0.177293133067554,0.367633624965527,0.793604750694893,0.00480771755012899,0.307240924024807,0.940291583973989,0.124808075623563,0.195070282191518,0.269403842645824,0.0115874388830144,0.800696307501945,0.0321875695599143,0.470395413063194,0,0,0,0,0,0,0,0,0,0,0,0,0,0,0,0,0,0,0,0,0,0,0,0,0,0,0,0,0,0,0,1177,"en","true","true","true","true","true","true","true","true","true","true","true","true","true","true","true","true","true","true","true","true","true","true","true","true","true","true","true","true","true","true","true","true","true","true","true","true","true","true","true","true","true","true","true","true","true","true","true","true","true","true","true","true",1833,0.804873784502375
"24",0.180456044380232,0.970818209539563,0.803051163722266,0.488339261810899,0.876663175813091,0.99853557270617,0.893589488812474,0.968748783932339,0.909392095842078,0.952982147012088,0.81525148349746,0.478570900584214,0.49018720038031,0.826329078735714,0.229848880768506,0.963359069085965,0.909144426686725,0.120769352351906,0.166932803941125,0.410655832116483,0.0446860177244358,0.152511408399112,0.0544771084206135,0.248699123751293,0.629451015206761,0.021948707486049,0.467141618692164,0.211453023147585,0.99991292424061,0.619939799239122,0.997981899248088,0.891471847843655,0.553933869356087,0.99907227222149,0.969224156630122,0.0679601198277751,0.0371817128871251,0.0187403338999648,0.0199194247705958,0.263748405750382,0.400049570960932,0.818423936558122,0.00373865610091301,0.370179751904667,0.977913952458404,0.0648087815064949,0.34957096951904,0.312825990168117,0.00574068898593094,0.706192525985322,0.0115095075966363,0.473146543183911,0,0,0,0,0,0,0,0,0,0,0,0,0,0,0,0,0,0,0,0,0,0,0,0,0,0,0,0,0,0,0,1730,"en","true","true","true","true","true","true","true","true","true","true","true","true","true","true","true","true","true","true","true","true","true","true","true","true","true","true","true","true","true","true","true","true","true","true","true","true","true","true","true","true","true","true","true","true","true","true","true","true","true","true","true","true",1801,0.836464515443622
"25",0.118628945907237,0.884490850294391,0.681261636306553,0.411775769302583,0.80951105687605,0.995361999021662,0.685079139096238,0.958468062736382,0.880215441113859,0.980481412591488,0.709506833024211,0.393131257740627,0.482514405859018,0.786229076719478,0.311655477504685,0.941792669489184,0.939546636312552,0.0270327577162386,0.0579516886577044,0.232541233500552,0.0153207622857323,0.0366080475801551,0.112062708232126,0.259495212070305,0.643439613976332,0.0305467056559129,0.529758603101478,0.212186931955324,0.999880713218631,0.529435525461746,0.980269670659224,0.708739591613834,0.349066320486993,0.998601664401251,0.968206202816291,0.0317567091429546,0.0294542410339107,0.00968098312293802,0.0160601836087952,0.192506095054783,0.390681868551041,0.783775156693814,0.00735883165453444,0.329996148422634,0.95397180763915,0.0471339731884092,0.173233172356543,0.160461493542594,0.00859315842490233,0.741263248213527,0.0165184399120188,0.31724574780486,0,0,0,0,0,0,0,0,0,0,0,0,0,0,0,0,0,0,0,0,0,0,0,0,0,0,0,0,0,0,0,2151,"en","true","true","true","true","true","true","true","true","true","true","true","true","true","true","true","true","true","true","true","true","true","true","true","true","true","true","true","true","true","true","true","true","true","true","true","true","true","true","true","true","true","true","true","true","true","true","true","true","true","true","true","true",1805,0.739481595911601
"26",0.186966042275039,0.971300664335171,0.824813716251589,0.760373437061197,0.947846463848283,0.99913614484976,0.833089907001739,0.986985826863256,0.847296664070521,0.94749658721934,0.795381228269666,0.769983339436122,0.727736857556366,0.706505212053871,0.0935942115013113,0.965262616161268,0.925380307415724,0.234262569040538,0.209794140420554,0.71859138695267,0.235758159958561,0.376440356645051,0.0132587686972043,0.0584461361227058,0.341173024831232,0.0110468001921354,0.180041560769025,0.0663487261539821,0.997131402854643,0.798818526863018,0.99466149668575,0.756727750132028,0.301260847088766,0.996472232927717,0.797688512076296,0.110432622744651,0.0243017256536298,0.0119851369818963,0.0191387031734562,0.186462870592444,0.399644486123315,0.889906804117707,0.00356053101021298,0.36894628669607,0.846453600938581,0.117370135977528,0.454966621158706,0.504703106539504,0.00535370672453139,0.626948981453097,0.00125146544460158,0.344936176514352,0,0,0,0,0,0,0,0,0,0,0,0,0,0,0,0,0,0,0,0,0,0,0,0,0,0,0,0,0,0,0,1363,"en","true","true","true","true","true","true","true","true","true","true","true","true","true","true","true","true","true","true","true","true","true","true","true","true","true","true","true","true","true","true","true","true","true","true","true","true","true","true","true","true","true","true","true","true","true","true","true","true","true","true","true","true",1969,0.850069257893599
"27",0.0573729986085216,0.745346722951957,0.635882355460242,0.331198074399258,0.742634196193478,0.989378031992553,0.515581661138339,0.927638598834894,0.752266994609436,0.941579826892404,0.654110694339082,0.358301621767886,0.386205263663013,0.742547669051498,0.149348304031234,0.770838791814817,0.836424123015606,0.00458864840765,0.0757196169100454,0.0876125377446217,0.00321686425385626,0.0479523376823602,0.119679511219698,0.293414613534596,0.709922507901962,0.0801081522148596,0.668884091964155,0.246424664904821,0.999891194890389,0.367956019567191,0.966119617086081,0.412073093885384,0.444275910140268,0.999789755054187,0.958811909953263,0.0213882210490145,0.0426635192669004,0.00296137320245266,0.0210624635607315,0.0877143434166236,0.0923246642949113,0.60281905424119,0.0066005452067151,0.156673100223379,0.904953300649681,0.0570511667033089,0.0351016546977134,0.0310661240478259,0.0148748759049169,0.619971228774842,0.00986859003710328,0.151411861077335,0,0,0,0,0,0,0,0,0,0,0,0,0,0,0,0,0,0,0,0,0,0,0,0,0,0,0,0,0,0,0,3627,"en","true","true","true","true","true","true","true","true","true","true","true","true","true","true","true","true","true","true","true","true","true","true","true","true","true","true","true","true","true","true","true","true","true","true","true","true","true","true","true","true","true","true","true","true","true","true","true","true","true","true","true","true",1861,0.582049576846219
"28",0.147492537886163,0.936473247643493,0.803517087148429,0.742424332024171,0.741387878231902,0.998625961064395,0.74729426447263,0.891407255686742,0.606322823281266,0.950140093516868,0.804457695055865,0.374329301011797,0.221522042219092,0.509752827590022,0.0583089960946025,0.646609119248355,0.734186072966325,0.0194194739930342,0.0816149593005176,0.170866893990127,0.00789728703363524,0.453937158889368,0.10689045189536,0.383228785964429,0.797370451784355,0.10729288507841,0.778226717271319,0.330048858141693,0.999933570030956,0.163205919317131,0.971574127530986,0.813575447051874,0.530701612059448,0.998923129237248,0.90184609393746,0.0323196391047183,0.0458875188825518,0.0155556277864658,0.0314102381139744,0.0654907864017097,0.193544700216318,0.791198902609928,0.0029273622609633,0.213963493721198,0.804881285271984,0.0378185149967206,0.228279597693485,0.38218632046867,0.0120551564704522,0.405449975976289,0.0110075039785125,0.180863777081779,0,0,0,0,0,0,0,0,0,0,0,0,0,0,0,0,0,0,0,0,0,0,0,0,0,0,0,0,0,0,0,699,"en","true","true","true","true","true","true","true","true","true","true","true","true","true","true","true","true","true","true","true","true","true","true","true","true","true","true","true","true","true","true","true","true","true","true","true","true","true","true","true","true","true","true","true","true","true","true","true","true","true","true","true","true",1865,0.649451831299997
"29",0.0699380921402032,0.941948876130192,0.577702807751794,0.259249139802526,0.519386266143987,0.995335808154488,0.914388292982304,0.810374820933886,0.855474258859987,0.837462643357762,0.619359967100582,0.279462816272862,0.298746249502504,0.875793553254315,0.310079007512372,0.967740405793701,0.911323976168574,0.0706095550535362,0.438449096521435,0.253482759491426,0.050943779354299,0.208682398724342,0.179287382318202,0.416259622090739,0.758704160210128,0.0480008368540727,0.589555039426477,0.373561087555403,0.998805082008981,0.561321495263018,0.994466907388292,0.720700911233459,0.760741660693511,0.998392249850819,0.987857980703027,0.078902606380096,0.0540681760633492,0.0393450962434816,0.0236883471799623,0.165713619540424,0.281898775943472,0.652903238309501,0.0106618830628015,0.230387997724524,0.946470796890341,0.157775072726996,0.117795782103316,0.123582678616424,0.0215485343473375,0.755695491714576,0.0622885750204918,0.431104845740768,0,0,0,0,0,0,0,0,0,0,0,0,0,0,0,0,0,0,0,0,0,0,0,0,0,0,0,0,0,0,0,1177,"en","true","true","true","true","true","true","true","true","true","true","true","true","true","true","true","true","true","true","true","true","true","true","true","true","true","true","true","true","true","true","true","true","true","true","true","true","true","true","true","true","true","true","true","true","true","true","true","true","true","true","true","true",1809,0.758829771294923
"30",0.0192391495635671,0.908890118419014,0.597885597277904,0.412760363870455,0.504012568931722,0.997302174459443,0.779723027405098,0.863001630343324,0.76284232481237,0.878890810593416,0.63830503861274,0.283328415348211,0.154045087261751,0.655403820263305,0.14979566608016,0.780734009727138,0.731891904143182,0.00721176681172891,0.155136169519763,0.100655087362665,0.00967697511667098,0.132171860827812,0.332296019368063,0.541652866417929,0.874960737792129,0.104105527387118,0.839509942909235,0.427231765721338,0.999799046756659,0.345923417561127,0.992300859003715,0.710338713017222,0.742642759986717,0.998527399977558,0.990416038823017,0.0167232467375692,0.019467865815768,0.00340698190696109,0.0187172273510807,0.0791464622267603,0.281799273481049,0.716450269426725,0.00618793239971865,0.148080383314641,0.825148901107483,0.0690297044115506,0.0716699689067063,0.0902638222880087,0.0168641509928319,0.611652405495033,0.035115947976539,0.191789633440933,0,0,0,0,0,0,0,0,0,0,0,0,0,0,0,0,0,0,0,0,0,0,0,0,0,0,0,0,0,0,0,1211,"en","true","true","true","true","true","true","true","true","true","true","true","true","true","true","true","true","true","true","true","true","true","true","true","true","true","true","true","true","true","true","true","true","true","true","true","true","true","true","true","true","true","true","true","true","true","true","true","true","true","true","true","true",1813,0.682854329860688
"31",0.0850587922819207,0.835354517684314,0.706217788247931,0.236621790073081,0.535757064089162,0.978875332625808,0.878981149455687,0.952539900253754,0.853740913662287,0.940776049975815,0.764271457786491,0.46100239712732,0.517945636330325,0.891811873384984,0.290041847796964,0.914286015756058,0.93549597137893,0.0548152232170117,0.179612166870708,0.315761879700764,0.0527382251423533,0.022814367217114,0.0637629692728383,0.264094775714289,0.589521886413598,0.0206846133835235,0.479547660297675,0.160400977779105,0.999448425127999,0.455243815950324,0.966847507168086,0.327905846070711,0.3652268740141,0.992195296303131,0.961266614660053,0.0262531742664637,0.0153602849447467,0.01689340562561,0.0222826889359106,0.0457365738569679,0.18122482237813,0.689137282398488,0.00536456763869159,0.215322531005957,0.802767147115792,0.0689121092100987,0.0805210583808682,0.148521673899898,0.00652076648255079,0.681418240135908,0.0245151549032946,0.106531604162849,0,0,0,0,0,0,0,0,0,0,0,0,0,0,0,0,0,0,0,0,0,0,0,0,0,0,0,0,0,0,0,3972,"en","true","true","true","true","true","true","true","true","true","true","true","true","true","true","true","true","true","true","true","true","true","true","true","true","true","true","true","true","true","true","true","true","true","true","true","true","true","true","true","true","true","true","true","true","true","true","true","true","true","true","true","true",1897,0.583332389729707
"32",0.0678288122109237,0.900959211518026,0.708985876454447,0.468080520675111,0.670261967269353,0.99353279483101,0.865222572049864,0.97692309274454,0.857772305560584,0.956743362879181,0.77802273388458,0.510956271467559,0.570720788071695,0.819966222142982,0.207158236583473,0.934149874711903,0.919237526956741,0.0631594100533632,0.117779133679817,0.266833894976612,0.0364518796971511,0.0562636830835472,0.0628096006522869,0.252737949121302,0.604727518137529,0.0186757664299139,0.495950837688628,0.185018217786829,0.999306434954266,0.556937299456675,0.985203632487815,0.441452289799964,0.373394020232652,0.989694699455763,0.953344874605638,0.027544435264443,0.0242683056393021,0.0045974064035309,0.0149099805091166,0.0883456391429836,0.386577993481338,0.835493658546937,0.00335801540419306,0.293835513191279,0.770332787805026,0.104525762979306,0.143177186111645,0.287660572928195,0.00769722688648533,0.723545222056759,0.0207310776260449,0.191899313048763,0,0,0,0,0,0,0,0,0,0,0,0,0,0,0,0,0,0,0,0,0,0,0,0,0,0,0,0,0,0,0,2214,"en","true","true","true","true","true","true","true","true","true","true","true","true","true","true","true","true","true","true","true","true","true","true","true","true","true","true","true","true","true","true","true","true","true","true","true","true","true","true","true","true","true","true","true","true","true","true","true","true","true","true","true","true",1901,0.661197740581485
"33",0.0989581657304734,0.948903721339544,0.763157514920445,0.266956734795843,0.649921955924624,0.994929048581161,0.939556830604305,0.94873845269445,0.898476685859651,0.933149401669611,0.780927066121627,0.408969721916049,0.511866392372605,0.898378341155634,0.380359815543182,0.954002144608585,0.96308610164591,0.108525857699505,0.209564844988921,0.447611445165552,0.0953610429788445,0.0242620174371004,0.0579288480893586,0.200791351070342,0.553470298070432,0.0338675588352811,0.366940019713158,0.133071143106279,0.999478611683946,0.541573217958792,0.9764946302613,0.537396272858892,0.436788585408273,0.996291869608702,0.962111575688794,0.0380779744792619,0.0210952690532874,0.0200346207425025,0.0137176100579184,0.0592263521704579,0.269913606419355,0.791518654472136,0.00665718569081519,0.277333466764423,0.8721348053935,0.0848280251137961,0.089249618832338,0.181479420823105,0.00793713083539849,0.732375700767198,0.0169262674238938,0.18560199590808,0,0,0,0,0,0,0,0,0,0,0,0,0,0,0,0,0,0,0,0,0,0,0,0,0,0,0,0,0,0,0,3375,"en","true","true","true","true","true","true","true","true","true","true","true","true","true","true","true","true","true","true","true","true","true","true","true","true","true","true","true","true","true","true","true","true","true","true","true","true","true","true","true","true","true","true","true","true","true","true","true","true","true","true","true","true",1817,0.685154707026328
"34",0.0590054557613619,0.895782791682903,0.729965283338086,0.213037019973438,0.52391424620298,0.995186681542488,0.913665035244327,0.911141743805982,0.840808201568976,0.9411804081965,0.77542260298878,0.341468464966358,0.397951383173727,0.875233585149982,0.358064465745003,0.90085659197292,0.924432821311176,0.0283843253628691,0.123803478437528,0.299855368551545,0.0308657090177993,0.0596796802958233,0.141356525307252,0.277057655430991,0.667656840535205,0.0617651988747392,0.570423085802854,0.184626206241165,0.999814965529325,0.503791691880694,0.948853891598528,0.472593731736603,0.483100805786009,0.998210408667824,0.978251794814391,0.0252232561497098,0.0272888277992395,0.00999363832329953,0.0204654201171979,0.0282880476962901,0.166519967436595,0.745341351633069,0.0121565685245249,0.188336954568146,0.84615587364538,0.0721398278201592,0.0342097225979885,0.0788511798740832,0.0126894248071772,0.722136736688651,0.0431376910361166,0.1146388607505,0,0,0,0,0,0,0,0,0,0,0,0,0,0,0,0,0,0,0,0,0,0,0,0,0,0,0,0,0,0,0,4462,"en","true","true","true","true","true","true","true","true","true","true","true","true","true","true","true","true","true","true","true","true","true","true","true","true","true","true","true","true","true","true","true","true","true","true","true","true","true","true","true","true","true","true","true","true","true","true","true","true","true","true","true","true",1821,0.641746438405275
"35",0.353627426982315,0.992529840924923,0.91212321763811,0.795592062607901,0.961734884763592,0.998761662901385,0.914506386550839,0.98709877322872,0.929737868212267,0.972863436351533,0.955798757984285,0.671793086855218,0.869884430208782,0.828677576434353,0.111156700024441,0.989955091725275,0.986284663220469,0.483340607934788,0.151762626738328,0.833094091467934,0.336498229406491,0.244077440181455,0.00281085252950786,0.0337636113414738,0.168742020032271,0.00639042475303064,0.101406868696693,0.0491337303748035,0.968942435505431,0.879535191743834,0.982616249505398,0.728457490488081,0.139818559692762,0.992702897039325,0.772540753464447,0.196344226676418,0.066134713460329,0.0614494790945201,0.0155913452830541,0.163611454286286,0.519598000228663,0.892480890918068,0.00842831092154589,0.54917806332172,0.860547750509868,0.150714123256538,0.38572638422741,0.751802961414222,0.00432746023949743,0.610527860271834,0.000949818065498209,0.403458012496075,0,0,0,0,0,0,0,0,0,0,0,0,0,0,0,0,0,0,0,0,0,0,0,0,0,0,0,0,0,0,0,1804,"en","true","true","true","true","true","true","true","true","true","true","true","true","true","true","true","true","true","true","true","true","true","true","true","true","true","true","true","true","true","true","true","true","true","true","true","true","true","true","true","true","true","true","true","true","true","true","true","true","true","true","true","true",1973,0.863536310579104
"36",0.137641937478544,0.98973753367425,0.86620482042552,0.689626457431904,0.938607972440192,0.999207710910616,0.850029622141594,0.969965461054423,0.911663091844386,0.985299287986754,0.854548197526515,0.733881362689574,0.825352847674388,0.862188951266313,0.156705264563423,0.983791212052337,0.98252219186345,0.417225294688594,0.155149970217594,0.796114436586521,0.282574342443675,0.178126956243751,0.00708319694603549,0.0489327156548468,0.242546729160335,0.00606103926484453,0.144811073447725,0.0495052970840264,0.994682153281434,0.772754325094998,0.992383257622393,0.789566207657956,0.25699053986064,0.99353592194243,0.807380825533416,0.105323391667738,0.0543158896069023,0.0294331489457666,0.0281904869662254,0.208256687714157,0.431264421210598,0.826580657225055,0.00626923794578532,0.420097037351516,0.891419682331275,0.0681570986087429,0.460891982128365,0.587142761353824,0.00542693720147192,0.644716075734836,0.00203979245146357,0.305958875476654,0,0,0,0,0,0,0,0,0,0,0,0,0,0,0,0,0,0,0,0,0,0,0,0,0,0,0,0,0,0,0,2398,"en","true","true","true","true","true","true","true","true","true","true","true","true","true","true","true","true","true","true","true","true","true","true","true","true","true","true","true","true","true","true","true","true","true","true","true","true","true","true","true","true","true","true","true","true","true","true","true","true","true","true","true","true",2009,0.851567930125116
"37",0.230113873943677,0.995835491920432,0.890467059895771,0.695262004881462,0.958592170318375,0.999726126769156,0.873134213483295,0.985298124220303,0.927846580291163,0.983390339727395,0.884353972408617,0.650707998372404,0.846587746869421,0.882701916959809,0.192390076057675,0.985110660659776,0.983446423133024,0.481194047389055,0.139268447494674,0.813306682783533,0.27531067723107,0.0857765650088945,0.00493332476768976,0.0519661212155407,0.20891096538092,0.00354726383893145,0.141387856349517,0.0531221610079716,0.988586774691606,0.852746380853924,0.994693911293552,0.824930521316152,0.217363504570169,0.989269190073343,0.881050789000098,0.137279101271396,0.0917881378562495,0.0372188901797054,0.0124534407209544,0.225620668640347,0.529590952239135,0.802841185465495,0.00570289419043374,0.463440392781122,0.913119078022344,0.0762894456724788,0.535808157088597,0.579145113965708,0.00461230651063738,0.660258102336886,0.00136577228787416,0.414111795811512,0,0,0,0,0,0,0,0,0,0,0,0,0,0,0,0,0,0,0,0,0,0,0,0,0,0,0,0,0,0,0,2139,"en","true","true","true","true","true","true","true","true","true","true","true","true","true","true","true","true","true","true","true","true","true","true","true","true","true","true","true","true","true","true","true","true","true","true","true","true","true","true","true","true","true","true","true","true","true","true","true","true","true","true","true","true",2013,0.890790271154542
"38",0.0660186078899571,0.892711031289654,0.684263433213684,0.228682543496495,0.621948460397512,0.993555212421998,0.808284787709459,0.901260743779402,0.831499881709333,0.936918301768186,0.663626065522762,0.324464311731552,0.378344368534374,0.858052010000121,0.22990482398244,0.922437511104414,0.913830194535032,0.0395903731721573,0.191590191624277,0.197821638308049,0.00984855726280559,0.09874158266982,0.163901054106087,0.353509628718218,0.699353408407955,0.0371251373507881,0.659215496345068,0.303323074818561,0.999786932487425,0.400306156832602,0.992617666650717,0.699620819074571,0.583347869312128,0.999377497992081,0.973116557486161,0.0509828844856467,0.0624817436074108,0.0272420224912183,0.0295761582116735,0.147102123166444,0.246629156481911,0.701177235381921,0.0108870364039486,0.293991979855718,0.962977985492566,0.0896393776165327,0.182429492668107,0.138349805007938,0.0174644583519949,0.755447663917552,0.0413758129569283,0.281569517416516,0,0,0,0,0,0,0,0,0,0,0,0,0,0,0,0,0,0,0,0,0,0,0,0,0,0,0,0,0,0,0,3338,"en","true","true","true","true","true","true","true","true","true","true","true","true","true","true","true","true","true","true","true","true","true","true","true","true","true","true","true","true","true","true","true","true","true","true","true","true","true","true","true","true","true","true","true","true","true","true","true","true","true","true","true","true",1853,0.69751488085263
"39",0.0565593647181362,0.874642441311417,0.625645418105429,0.30835258016802,0.571075996721673,0.991889301723001,0.807978516503661,0.946447317767771,0.840294091646768,0.932582821736974,0.67269790046315,0.343416943112211,0.393807487303194,0.822080594988134,0.274865304640132,0.891572938371139,0.903083244036449,0.0274306474898269,0.160441324524829,0.224863531227817,0.0338914766940789,0.0426747313960636,0.123313204467896,0.316998726020027,0.714483262015196,0.0383186355280059,0.496211964592245,0.237676443991753,0.999806558121009,0.476365277142967,0.981580204302292,0.486707018078933,0.456947310759894,0.996139926633517,0.966680939772111,0.0179590032596361,0.0134437133763049,0.00959171431591332,0.0098445156914253,0.0591335398998101,0.213195173294613,0.665881862688583,0.00238370588186171,0.182209948807183,0.831966277721129,0.076253527723253,0.0461645782371527,0.0888188408815468,0.00650053858415284,0.65926201655872,0.0128926855417992,0.140197815364078,0,0,0,0,0,0,0,0,0,0,0,0,0,0,0,0,0,0,0,0,0,0,0,0,0,0,0,0,0,0,0,4812,"en","true","true","true","true","true","true","true","true","true","true","true","true","true","true","true","true","true","true","true","true","true","true","true","true","true","true","true","true","true","true","true","true","true","true","true","true","true","true","true","true","true","true","true","true","true","true","true","true","true","true","true","true",1845,0.648217499841397
"40",0.186492664354214,0.986874744766549,0.816935248657962,0.669609027440138,0.944699068688374,0.99936779946604,0.800524884488387,0.986716543149094,0.940058711740122,0.979897291393985,0.886674969978219,0.588705168078473,0.88081422087734,0.905075856609314,0.222003650255803,0.986605075749106,0.979015117375127,0.402530805307021,0.138655500698882,0.789894981644755,0.218926661978794,0.172582082942206,0.00864390880840527,0.0493565007892764,0.206548851989854,0.00989280256933223,0.121206249679415,0.0485710620562497,0.988055558138708,0.803379342596635,0.979113074174103,0.667968477973943,0.225315919852797,0.994482643702047,0.786188082912689,0.0781517651824423,0.0429989860007212,0.0106165695741096,0.0176925977694415,0.150755300110428,0.464216883443883,0.840198180657061,0.00710187388811312,0.347880101129348,0.790749514061359,0.103405763863704,0.337843282921621,0.479533912985459,0.00640542178831388,0.626744941150466,0.00199942408121279,0.270165468946398,0,0,0,0,0,0,0,0,0,0,0,0,0,0,0,0,0,0,0,0,0,0,0,0,0,0,0,0,0,0,0,2440,"en","true","true","true","true","true","true","true","true","true","true","true","true","true","true","true","true","true","true","true","true","true","true","true","true","true","true","true","true","true","true","true","true","true","true","true","true","true","true","true","true","true","true","true","true","true","true","true","true","true","true","true","true",1981,0.816820298248227
"41",0.208563218912834,0.993787069618741,0.849893189206148,0.679216723912563,0.879366006315361,0.999736620568139,0.913637750135339,0.988609203059264,0.909719734172674,0.959281134107295,0.917667207001294,0.601611708321439,0.804050848479126,0.868477602280827,0.244426512413376,0.972366680510593,0.975992090039471,0.424299385434728,0.161167669242763,0.853627056507163,0.305494448223487,0.125566010125514,0.00762757563900907,0.0614862851284164,0.250530577365071,0.00878065577597964,0.111703900011693,0.0533185123019631,0.984681767743056,0.825295529219662,0.982610411474524,0.686427604623518,0.244096121377794,0.9907596302368,0.824168922883339,0.0703561676775911,0.0257300151273356,0.0179851503312418,0.0162616373264853,0.077330082919941,0.424297012088722,0.852270596859217,0.00528681194469643,0.315176151299918,0.660880471801735,0.0988300497126784,0.291095227025331,0.504241716136236,0.00412193749559192,0.558865217822116,0.000561491438267725,0.218364297512379,0,0,0,0,0,0,0,0,0,0,0,0,0,0,0,0,0,0,0,0,0,0,0,0,0,0,0,0,0,0,0,2560,"en","true","true","true","true","true","true","true","true","true","true","true","true","true","true","true","true","true","true","true","true","true","true","true","true","true","true","true","true","true","true","true","true","true","true","true","true","true","true","true","true","true","true","true","true","true","true","true","true","true","true","true","true",1985,0.831444515105901
"42",0.148564491543388,0.98292475879676,0.868985058352456,0.449219983021339,0.835963671890806,0.998885468359036,0.918274957477895,0.96547438610086,0.851202706919064,0.973047253235285,0.832632048771298,0.536455969517346,0.604042604536872,0.879911816972703,0.130911406459863,0.980391785024279,0.971462803843626,0.251861480411892,0.192917495496958,0.67151528651812,0.129013479594871,0.0402432404856385,0.0120107875304761,0.166614370123143,0.469813943875046,0.0086754906529275,0.341191665982823,0.127487096800444,0.999338767298304,0.595774222511483,0.996981472519477,0.813838082294406,0.439314266189996,0.99643874921385,0.948373224337007,0.0533699298665563,0.0524820527226971,0.0352658823965852,0.00343776122034228,0.102796265323998,0.319242782464968,0.717189250735506,0.00365277515577489,0.43036511357907,0.957089680247781,0.0351945170256687,0.361093725388482,0.42315221050243,0.00433342129474013,0.67156820561253,0.00427165596523194,0.299254133506736,0,0,0,0,0,0,0,0,0,0,0,0,0,0,0,0,0,0,0,0,0,0,0,0,0,0,0,0,0,0,0,990,"en","true","true","true","true","true","true","true","true","true","true","true","true","true","true","true","true","true","true","true","true","true","true","true","true","true","true","true","true","true","true","true","true","true","true","true","true","true","true","true","true","true","true","true","true","true","true","true","true","true","true","true","true",1905,0.802197925775122
"43",0.0875203097126895,0.909191369331039,0.797901404718301,0.384812903461339,0.804016239590266,0.99102759493337,0.841425362780149,0.9422081519425,0.872445831877225,0.959237318887181,0.795990059002868,0.529206211222226,0.661027078968167,0.881688570657503,0.218970172965978,0.957003692627609,0.944866286938992,0.100178120637538,0.185753495175249,0.418331951476967,0.0573718368390769,0.0250005719271028,0.0376760554536234,0.128601950095629,0.449528476088815,0.01174938461574,0.404960784493191,0.118764134450881,0.998976570958808,0.71783131753122,0.981689053655768,0.551808381736394,0.366798399499753,0.99598851866232,0.963233726923582,0.0779213696242396,0.0222223892652459,0.0188088459489264,0.0321607014139493,0.0881143049889334,0.280299660807561,0.820362133708025,0.0059877627272425,0.261395484936153,0.933217882679152,0.0824289508445746,0.160921915290899,0.230265219628278,0.00778776642552792,0.71413874151566,0.0178827015775225,0.281818985414417,0,0,0,0,0,0,0,0,0,0,0,0,0,0,0,0,0,0,0,0,0,0,0,0,0,0,0,0,0,0,0,1881,"en","true","true","true","true","true","true","true","true","true","true","true","true","true","true","true","true","true","true","true","true","true","true","true","true","true","true","true","true","true","true","true","true","true","true","true","true","true","true","true","true","true","true","true","true","true","true","true","true","true","true","true","true",1933,0.750442917641127
"44",0.0937906412832652,0.977220617258481,0.817103768471614,0.400827376334078,0.835460508309424,0.999211999833282,0.906659429991175,0.929245161065239,0.88094376616797,0.950434554775674,0.822537935736608,0.454595414815975,0.555700570378913,0.883130611606626,0.08877324938217,0.972613805439974,0.935995976299035,0.133699200141959,0.242504680907498,0.475470395291108,0.0837079034488591,0.13745051690656,0.0230196174038313,0.169622568757955,0.53421759380429,0.0117517719359665,0.468779308262881,0.130623752014864,0.997466399102564,0.777190442599816,0.993103929480975,0.749678138635906,0.563995353035483,0.997720495617426,0.974871215241233,0.0605014357627163,0.0153271704098845,0.0107703816607638,0.0112278777870343,0.0915087069588586,0.280934030138763,0.773938218551774,0.00277945369874816,0.240210016872474,0.932435030346381,0.0758711408971124,0.253419451926825,0.261136503611925,0.00591250356359629,0.724417336775992,0.00239970059849803,0.288926237563285,0,0,0,0,0,0,0,0,0,0,0,0,0,0,0,0,0,0,0,0,0,0,0,0,0,0,0,0,0,0,0,1821,"en","true","true","true","true","true","true","true","true","true","true","true","true","true","true","true","true","true","true","true","true","true","true","true","true","true","true","true","true","true","true","true","true","true","true","true","true","true","true","true","true","true","true","true","true","true","true","true","true","true","true","true","true",1937,0.839990836905566
"45",0.0268547612778581,0.990112929025575,0.872171619218494,0.459656502780847,0.713349282267292,0.998675065939971,0.911759292975408,0.890380455121505,0.777956179683064,0.919479271994799,0.890381278999628,0.568100599184396,0.456458019013459,0.787481948207337,0.0545604910359338,0.926797428732513,0.877191798254437,0.140102868905081,0.319013784460308,0.552093174246539,0.126193677888416,0.0193973724506803,0.0179296013870363,0.22861130756753,0.586552176192685,0.0183800080609364,0.469862952067924,0.160975790828674,0.99922781658963,0.708975596765626,0.998990007682,0.841997130990549,0.67923788242124,0.997278151895919,0.956990723673536,0.077575262147366,0.0237905701950267,0.0114840345930943,0.0125181095093143,0.07666667676065,0.181349591447494,0.573306910588937,0.00114805794411676,0.164197808036141,0.909267195657946,0.104538956045695,0.144976652928523,0.215022551688189,0.00594393402125371,0.693246657877248,0.0119038579891335,0.181293232528318,0,0,0,0,0,0,0,0,0,0,0,0,0,0,0,0,0,0,0,0,0,0,0,0,0,0,0,0,0,0,0,1341,"en","true","true","true","true","true","true","true","true","true","true","true","true","true","true","true","true","true","true","true","true","true","true","true","true","true","true","true","true","true","true","true","true","true","true","true","true","true","true","true","true","true","true","true","true","true","true","true","true","true","true","true","true",1941,0.849987578479391
"46",0.306126710282895,0.995007809703231,0.961461462574796,0.763520693900777,0.946319869269503,0.999243710313422,0.971452824111943,0.995163088323371,0.933554271137932,0.987090081685951,0.983144184139677,0.729720879859737,0.902007805440673,0.905676492562144,0.0626865789483407,0.99086823581943,0.973010049444896,0.602765734563416,0.143414102511629,0.890392636462222,0.177632104136578,0.158233860313355,0.00355119114028907,0.0765777699974094,0.256111710458034,0.00265797453056721,0.227155218825227,0.0631747793839937,0.99440819278502,0.58736008938241,0.995202658575919,0.852532920643943,0.191319305750401,0.991165597536254,0.648302660876225,0.125446620497063,0.113716597491784,0.0192995513372382,0.00957803448744049,0.122249420997397,0.396955305945972,0.908070925761838,0.0104465298937981,0.608081645756379,0.927873852024218,0.112964554112898,0.645544440474555,0.781411063470132,0.00313277260863898,0.615070179937013,0.0024647174631286,0.337544094046581,0,0,0,0,0,0,0,0,0,0,0,0,0,0,0,0,0,0,0,0,0,0,0,0,0,0,0,0,0,0,0,558,"en","true","true","true","true","true","true","true","true","true","true","true","true","true","true","true","true","true","true","true","true","true","true","true","true","true","true","true","true","true","true","true","true","true","true","true","true","true","true","true","true","true","true","true","true","true","true","true","true","true","true","true","true",1945,0.811698556200757
"47",0.0441005665341594,0.766230991268043,0.611765629207793,0.230039233827088,0.514340189955728,0.979616020089421,0.855280432613908,0.908276082537514,0.876978890238803,0.923902803811441,0.707826799398737,0.377557823436477,0.516811923561862,0.8889151319427,0.363097871591738,0.912692086434915,0.933833135406012,0.0179683923528529,0.202480845047956,0.169335639826627,0.0333799826896923,0.0850879776798585,0.150488404888805,0.230184580251503,0.678421087064857,0.0523868299791024,0.559795918761546,0.157311488791544,0.999462056991332,0.579849833467343,0.894234425295109,0.210749518180127,0.488603405487961,0.996664225203908,0.981968507705853,0.0215151300983791,0.020097787805448,0.0120459784292867,0.0413757200717193,0.0311094837154265,0.143239848907473,0.748881255082542,0.0162330578086419,0.121629980669124,0.800657836827159,0.0849437064846749,0.015344989506112,0.0907969631500845,0.00877638141961318,0.588644386309031,0.040294031795449,0.0796709881481655,0,0,0,0,0,0,0,0,0,0,0,0,0,0,0,0,0,0,0,0,0,0,0,0,0,0,0,0,0,0,0,5438,"en","true","true","true","true","true","true","true","true","true","true","true","true","true","true","true","true","true","true","true","true","true","true","true","true","true","true","true","true","true","true","true","true","true","true","true","true","true","true","true","true","true","true","true","true","true","true","true","true","true","true","true","true",1909,0.56161125898086
"48",0.13627097493513,0.936506391625859,0.757309647821471,0.344645265135677,0.76173456791616,0.994690343202356,0.939989343594236,0.959811191109792,0.95544107777373,0.959417847609855,0.813145080741733,0.423998823294325,0.572522359754564,0.89838362357707,0.377196288090223,0.972115042777822,0.944841517679964,0.123073633075035,0.209724927039323,0.316451127059183,0.0365379258509816,0.0163660968308726,0.0695295091715096,0.268718563905648,0.57300060817193,0.0166125013579476,0.422481064743301,0.201389745990563,0.999746884290587,0.573304716468736,0.994950687741834,0.709157644677127,0.500670232536048,0.997739003697975,0.963592841990622,0.0580242847765299,0.070822993601649,0.0458539508795951,0.0121240933112203,0.222215820307697,0.485860139872524,0.830085986261934,0.014638595653276,0.404867114638549,0.975523827401944,0.117550857845246,0.216961573182558,0.274311541814876,0.00687263995511983,0.692604501661086,0.0333444424908761,0.442771202557383,0,0,0,0,0,0,0,0,0,0,0,0,0,0,0,0,0,0,0,0,0,0,0,0,0,0,0,0,0,0,0,1091,"en","true","true","true","true","true","true","true","true","true","true","true","true","true","true","true","true","true","true","true","true","true","true","true","true","true","true","true","true","true","true","true","true","true","true","true","true","true","true","true","true","true","true","true","true","true","true","true","true","true","true","true","true",1849,0.759137682962566
"49",0.104212377219368,0.97554806179752,0.840013557516096,0.496215537050837,0.830342910431628,0.99657510807274,0.966839629180433,0.94628909752541,0.922395009254529,0.943712911342452,0.808001122665215,0.529730841634998,0.804143432220279,0.893049215704173,0.247286706107826,0.994672889125886,0.984598029767383,0.349074285403589,0.256858677612964,0.779258192750075,0.366045363452778,0.149599472199418,0.0109166366430465,0.0585350645485174,0.309794155618751,0.00471904907946041,0.135844872766604,0.052465153025812,0.995800957220536,0.947524815745562,0.987138104880944,0.577524321451947,0.269449723552577,0.982646118790185,0.977825435561763,0.148822502601766,0.0343572963353961,0.0158870504170328,0.0175980957658057,0.166151035030594,0.504977959061038,0.862231108104186,0.00887505610252903,0.35845381787316,0.929917538877866,0.166200475144947,0.208128839318206,0.333299927322137,0.00440330557401164,0.80321337348151,0.0133651623518402,0.337017114361623,0,0,0,0,0,0,0,0,0,0,0,0,0,0,0,0,0,0,0,0,0,0,0,0,0,0,0,0,0,0,0,2280,"en","true","true","true","true","true","true","true","true","true","true","true","true","true","true","true","true","true","true","true","true","true","true","true","true","true","true","true","true","true","true","true","true","true","true","true","true","true","true","true","true","true","true","true","true","true","true","true","true","true","true","true","true",1949,0.837395747359485
"50",0.314975932261947,0.995866122885552,0.870126673028067,0.79763104528775,0.967083619720939,0.999529732655729,0.894492134219925,0.99038405175431,0.946435082846257,0.9787314952856,0.938070017154895,0.77166795798317,0.919877488851231,0.85721754929555,0.402797606121466,0.992141181701222,0.988610040018985,0.771204842039894,0.145233274877619,0.95571120399503,0.700324368379057,0.140572408378119,0.00210660405304136,0.0246989436314881,0.136191845797496,0.00657713663751891,0.0133329079955352,0.020013514469871,0.972733532776465,0.90288287265132,0.993719503579826,0.717491324740819,0.122264007997895,0.968554396333993,0.649958559445485,0.0734183572945043,0.0355589298356486,0.0164739717074459,0.00804864374816572,0.254803134033108,0.473176079350578,0.706747900703662,0.00281655698980982,0.398736743614335,0.527567078718854,0.0805610629336144,0.378345374239305,0.560854050262762,0.00745792671381834,0.623413610354103,0.000472569694807023,0.280848702403298,0,0,0,0,0,0,0,0,0,0,0,0,0,0,0,0,0,0,0,0,0,0,0,0,0,0,0,0,0,0,0,1444,"en","true","true","true","true","true","true","true","true","true","true","true","true","true","true","true","true","true","true","true","true","true","true","true","true","true","true","true","true","true","true","true","true","true","true","true","true","true","true","true","true","true","true","true","true","true","true","true","true","true","true","true","true",2017,0.871364566990655
"51",0.0694535993558947,0.972943831959907,0.686675532679491,0.278274818388359,0.676271825146752,0.999377749885184,0.84256552512266,0.873604642083512,0.850889621295562,0.923855073972021,0.755308361480799,0.210902976167712,0.296849352865528,0.872917797105208,0.190931983075606,0.929333018255186,0.926172827634482,0.0419768503863743,0.192082201035974,0.264704830193066,0.0182872862456757,0.120138959044449,0.174062200963573,0.457791734641828,0.746206051436364,0.0442340027106436,0.682621207057977,0.349901943287751,0.999587698702855,0.40880752797918,0.989929762051341,0.848357838035757,0.703558774529419,0.99918048923597,0.97993090145172,0.0445907476320446,0.0556452552310858,0.0293202996674222,0.0134811488738571,0.108738038897037,0.261438343104109,0.691553835975715,0.00512105365700055,0.31795955771251,0.957954346067948,0.075241632449364,0.190696748397323,0.154825263175093,0.0140625670867867,0.744547539570105,0.0301270124601548,0.350620745492036,0,0,0,0,0,0,0,0,0,0,0,0,0,0,0,0,0,0,0,0,0,0,0,0,0,0,0,0,0,0,0,3844,"en","true","true","true","true","true","true","true","true","true","true","true","true","true","true","true","true","true","true","true","true","true","true","true","true","true","true","true","true","true","true","true","true","true","true","true","true","true","true","true","true","true","true","true","true","true","true","true","true","true","true","true","true",1837,0.749031709355426
"52",0.0519751179061174,0.933641033603452,0.845564729500269,0.396332863021441,0.786942248845141,0.997511124960058,0.867076206663465,0.9138861674079,0.840914459234484,0.969916602690125,0.76389582672742,0.579253117025548,0.517796290736737,0.807799723718357,0.156719189526796,0.946171165551869,0.936647916668518,0.0987686235875052,0.155827827343444,0.415198853707064,0.0684123976731879,0.0890084231585277,0.0187767078483902,0.145974393707542,0.614740930472164,0.0391872249707546,0.4108367755909,0.109632201425154,0.999570872825076,0.690727426450024,0.994305049773201,0.668139724184223,0.571187815963882,0.999449107973417,0.969501723347447,0.057050360615969,0.0271734492334244,0.0152556865416585,0.0270908710343985,0.1047687589589,0.145686972621385,0.728419647382327,0.00409571419124871,0.151724596264344,0.927972001797742,0.0295812569447645,0.160592598045976,0.146654170675795,0.00402996070670802,0.657668671390409,0.00292189472579002,0.242361865299247,0,0,0,0,0,0,0,0,0,0,0,0,0,0,0,0,0,0,0,0,0,0,0,0,0,0,0,0,0,0,0,1707,"en","true","true","true","true","true","true","true","true","true","true","true","true","true","true","true","true","true","true","true","true","true","true","true","true","true","true","true","true","true","true","true","true","true","true","true","true","true","true","true","true","true","true","true","true","true","true","true","true","true","true","true","true",1913,0.784390733469149
"53",0.146903149129142,0.956584018181713,0.83687427009063,0.56866552851296,0.866847056587799,0.998727746862349,0.896743158501071,0.972532033697904,0.86402282799238,0.977517068468996,0.776471585427871,0.530167281763701,0.594091143022034,0.725847212478844,0.157209685265711,0.974381329838814,0.931114436331381,0.209010025354898,0.107576113561695,0.527941473237923,0.102145973778526,0.158227350153794,0.0173578599106253,0.17237729611313,0.556883249564994,0.0140320803333304,0.372352599208505,0.155707383279688,0.999773328640816,0.64949579088167,0.997535108221674,0.793799272728685,0.382503085370494,0.996572227572525,0.96252765428392,0.0798325805110804,0.0432138324041202,0.0117768331380252,0.00897740091737215,0.183576312411741,0.328280501384709,0.831132607817458,0.00401292534964842,0.412130618172378,0.957963154520835,0.0831065227953766,0.38054106778221,0.349484521855669,0.0115095939133291,0.83532879981204,0.00866691142834702,0.485933216934201,0,0,0,0,0,0,0,0,0,0,0,0,0,0,0,0,0,0,0,0,0,0,0,0,0,0,0,0,0,0,0,1529,"en","true","true","true","true","true","true","true","true","true","true","true","true","true","true","true","true","true","true","true","true","true","true","true","true","true","true","true","true","true","true","true","true","true","true","true","true","true","true","true","true","true","true","true","true","true","true","true","true","true","true","true","true",1917,0.813610057277343
